,number,state,value,datetime_start,datetime_complete,params,params,params,params,params,params,params,params,system_attrs,system_attrs,intermediate_values,intermediate_values,intermediate_values,intermediate_values,intermediate_values,intermediate_values,intermediate_values,intermediate_values,intermediate_values,intermediate_values,intermediate_values,intermediate_values,intermediate_values,intermediate_values,intermediate_values,intermediate_values,intermediate_values,intermediate_values,intermediate_values,intermediate_values
,,,,,,batch_size,cliprange,ent_coef,gamma,lamdba,lr,n_steps,noptepochs,_number,fail_reason,1,2,3,4,5,6,7,8,9,10,11,12,13,14,15,16,17,18,19,20
0,0,TrialState.FAIL,5216.50390625,2019-08-07 01:41:22.333546,2019-08-07 01:44:10.865631,32,0.4,0.010130230408794483,0.999,0.95,0.1664672261412471,2048,5,0,Setting status of trial#0 as TrialState.FAIL because of the following error: AssertionError(),5216.50390625,,,,,,,,,,,,,,,,,,,
1,1,TrialState.COMPLETE,-1548.7777099609375,2019-08-07 01:41:22.334129,2019-08-07 01:56:46.326091,64,0.1,2.4945421193251008e-08,0.995,0.9,0.0003073781785362607,64,10,1,,-1577.022216796875,-1582.749755859375,-1599.245361328125,-1580.653564453125,-1566.631591796875,-1653.4697265625,-1598.7093505859375,-1631.50341796875,-1600.7076416015625,-1591.33544921875,-1630.088134765625,-1599.8204345703125,-1577.065185546875,-1568.7142333984375,-1588.1329345703125,-1573.659912109375,-1585.058837890625,-1606.8157958984375,-1548.7777099609375,
2,2,TrialState.COMPLETE,-1343.9271240234375,2019-08-07 01:44:11.042036,2019-08-07 01:52:02.461157,128,0.2,0.030142305558202694,0.9999,0.9,0.006921859910208607,2048,1,2,,9197.751953125,-1224.21533203125,5885.306640625,517.1380615234375,2082.92626953125,-1343.9271240234375,,,,,,,,,,,,,,
3,3,TrialState.COMPLETE,-1440.1776123046875,2019-08-07 01:52:02.464790,2019-08-07 02:04:57.953322,32,0.4,0.0027996081984870843,0.9,0.92,0.14557916623227773,128,1,3,,5922.3525390625,4066.953125,3000.765380859375,-622.3004150390625,556.783203125,-168.07675170898438,978.6279296875,-1469.1427001953125,-1433.976318359375,-1394.5565185546875,-1417.874267578125,-1450.2896728515625,-1411.418212890625,-1410.067138671875,-1405.503173828125,-1390.568603515625,-1379.815185546875,-1417.32568359375,-1440.1776123046875,
4,4,TrialState.COMPLETE,-1533.5653076171875,2019-08-07 01:56:46.333455,2019-08-07 02:11:01.700015,256,0.3,0.0029087355177892554,0.95,0.9,0.002029536243043473,16,1,4,,-1567.068115234375,-1560.781005859375,-1566.842529296875,-1558.284912109375,-1580.052978515625,-1559.0638427734375,-1537.883544921875,-1569.954833984375,-1563.772705078125,-1511.69873046875,-1574.0604248046875,-1640.108154296875,-1576.309326171875,-1541.761474609375,-1550.690185546875,-1575.7032470703125,-1561.3421630859375,-1564.5433349609375,-1543.15771484375,-1533.5653076171875
5,5,TrialState.COMPLETE,-1668.0882568359375,2019-08-07 02:04:57.958286,2019-08-07 02:22:39.502295,64,0.4,7.99159708744152e-06,0.9,0.92,0.0040666950653938435,32,20,5,,-1570.0478515625,-1518.6728515625,-1600.303955078125,-1578.729736328125,-1567.377685546875,-1542.4775390625,-1633.35546875,-1616.366943359375,-1612.887939453125,-1607.31640625,-1655.388671875,-1575.9744873046875,-1572.9342041015625,-1612.9698486328125,-1564.9720458984375,-1617.9034423828125,-1621.137451171875,-1627.723876953125,-1668.0882568359375,
6,6,TrialState.COMPLETE,-1587.2310791015625,2019-08-07 02:11:01.709792,2019-08-07 02:23:57.649805,256,0.2,1.8577490784921672e-06,0.98,0.98,4.743412208473007e-05,256,1,6,,-1585.1339111328125,-1563.8199462890625,-1575.918212890625,-1569.011962890625,-1585.3717041015625,-1555.395263671875,-1594.0447998046875,-1592.818603515625,-1587.26611328125,-1515.617431640625,-1591.66162109375,-1588.731689453125,-1594.4417724609375,-1619.8897705078125,-1631.2021484375,-1587.2310791015625,,,,
7,7,TrialState.COMPLETE,-1443.961669921875,2019-08-07 02:22:39.508471,2019-08-07 02:32:06.473039,64,0.1,3.28515075473326e-06,0.995,0.9,0.025650834317709894,2048,5,7,,-1577.5142822265625,-1440.599365234375,-1416.072998046875,-1481.5855712890625,-1398.9747314453125,-1443.961669921875,,,,,,,,,,,,,,
8,8,TrialState.PRUNED,-1439.7874755859375,2019-08-07 02:23:57.656315,2019-08-07 02:26:37.660783,256,0.3,0.0004948403294040553,0.95,0.95,0.021569177143056173,32,10,8,,-1497.745849609375,-1429.65966796875,-1439.7874755859375,,,,,,,,,,,,,,,,,
9,9,TrialState.COMPLETE,-1583.3629150390625,2019-08-07 02:26:37.860862,2019-08-07 02:42:48.262899,32,0.1,9.803415118796231e-05,0.99,0.98,0.0006584970818505349,1024,20,9,,-1571.32958984375,-1617.548095703125,-1556.8431396484375,-1559.787109375,-1564.5794677734375,-1552.630615234375,-1572.2662353515625,-1665.2054443359375,-1613.9193115234375,-1618.469482421875,-1585.8492431640625,-1583.3629150390625,,,,,,,,
10,10,TrialState.COMPLETE,-1548.205322265625,2019-08-07 02:32:06.481686,2019-08-07 02:50:53.924700,128,0.1,0.00037304247020458135,0.995,0.95,6.405419674802727e-05,256,30,10,,-1549.154541015625,-1571.344970703125,-1571.1578369140625,-1611.5579833984375,-1570.762939453125,-1578.0516357421875,-1585.433837890625,-1614.7720947265625,-1602.971923828125,-1587.346435546875,-1628.77197265625,-1552.660400390625,-1647.842529296875,-1610.1070556640625,-1542.410400390625,-1548.205322265625,,,,
11,11,TrialState.COMPLETE,-1418.323974609375,2019-08-07 02:42:48.270211,2019-08-07 02:52:18.642434,128,0.2,1.6611627904686212e-06,0.999,0.95,0.0236462137620988,2048,5,11,,-1570.5872802734375,-1469.771728515625,-1476.128662109375,-1459.541259765625,-1399.931884765625,-1418.323974609375,,,,,,,,,,,,,,
12,12,TrialState.COMPLETE,-1592.663818359375,2019-08-07 02:50:53.934418,2019-08-07 03:01:16.784844,32,0.1,0.00022904597735072302,0.999,0.8,1.1691175450600661e-05,2048,10,12,,-1639.751953125,-1613.9581298828125,-1588.0235595703125,-1616.789794921875,-1591.1839599609375,-1592.663818359375,,,,,,,,,,,,,,
13,13,TrialState.COMPLETE,-1551.825927734375,2019-08-07 02:52:18.651694,2019-08-07 03:07:11.343029,64,0.2,2.4547250578515455e-08,0.98,0.8,0.003532823036260786,128,5,13,,-1612.043212890625,-1578.131103515625,-1625.746826171875,-1547.0352783203125,-1590.083251953125,-1627.224609375,-1636.389404296875,-1554.22119140625,-1599.3154296875,-1540.9840087890625,-1588.179931640625,-1567.082763671875,-1542.3675537109375,-1589.646728515625,-1562.6732177734375,-1559.3631591796875,-1595.728759765625,-1572.937744140625,-1551.825927734375,
14,14,TrialState.COMPLETE,-1580.017578125,2019-08-07 03:01:16.795569,2019-08-07 03:16:24.308855,128,0.3,1.1829908421618713e-06,0.99,0.92,3.9900910508086456e-05,64,5,14,,-1558.3614501953125,-1596.80859375,-1601.19482421875,-1591.899658203125,-1624.0751953125,-1596.9620361328125,-1542.786376953125,-1635.9644775390625,-1549.1236572265625,-1545.5234375,-1560.4229736328125,-1555.7332763671875,-1597.2752685546875,-1573.645263671875,-1565.3453369140625,-1556.69873046875,-1538.671630859375,-1641.8482666015625,-1580.017578125,
15,15,TrialState.PRUNED,-1546.748046875,2019-08-07 03:07:11.352512,2019-08-07 03:14:58.527333,128,0.4,0.0007035659865299795,0.9999,0.9,2.092847008891181e-05,128,30,15,,-1560.318115234375,-1537.3321533203125,-1602.862548828125,-1598.764404296875,-1573.3336181640625,-1566.006591796875,-1574.072509765625,-1546.748046875,,,,,,,,,,,,
16,16,TrialState.COMPLETE,-1579.82275390625,2019-08-07 03:14:58.725877,2019-08-07 03:33:20.083650,128,0.3,0.0001075537281247823,0.9999,0.8,2.949188649641697e-05,128,20,16,,-1572.034912109375,-1643.092529296875,-1553.629150390625,-1552.0599365234375,-1600.99951171875,-1570.826904296875,-1552.379638671875,-1570.960205078125,-1580.523681640625,-1568.0814208984375,-1584.1558837890625,-1559.787109375,-1576.8212890625,-1588.380126953125,-1587.2169189453125,-1593.219970703125,-1530.4019775390625,-1554.5838623046875,-1579.82275390625,
17,17,TrialState.PRUNED,-1500.796630859375,2019-08-07 03:16:24.320191,2019-08-07 03:19:27.555619,256,0.3,0.007757161518964252,0.99,1.0,0.017213560129739302,64,20,17,,-1482.439453125,-1498.4039306640625,-1500.796630859375,,,,,,,,,,,,,,,,,
18,18,TrialState.PRUNED,-1584.967041015625,2019-08-07 03:19:27.749711,2019-08-07 03:29:24.878069,128,0.1,3.87843617778819e-06,0.9,0.92,6.67885940304771e-05,128,50,18,,-1574.7667236328125,-1544.8216552734375,-1582.11865234375,-1569.184814453125,-1550.0606689453125,-1553.38818359375,-1588.4765625,-1584.967041015625,,,,,,,,,,,,
19,19,TrialState.PRUNED,-1563.1068115234375,2019-08-07 03:29:25.072160,2019-08-07 03:33:13.538484,256,0.1,1.0789875507713825e-05,0.98,0.8,0.0002769377664622523,1024,20,19,,-1567.7607421875,-1536.2684326171875,-1563.1068115234375,,,,,,,,,,,,,,,,,
20,20,TrialState.COMPLETE,-1570.8743896484375,2019-08-07 03:33:13.838346,2019-08-07 03:47:55.808053,128,0.3,0.04669206491248252,0.9,0.98,0.00013043921100581486,64,1,20,,-1497.31982421875,-1527.7342529296875,-1586.8919677734375,-1556.9534912109375,-1708.576416015625,-1572.297119140625,-1621.8106689453125,-1595.01025390625,-1604.6510009765625,-1585.3157958984375,-1622.7496337890625,-1591.126220703125,-1577.626220703125,-1621.364013671875,-1639.5777587890625,-1602.8948974609375,-1588.6048583984375,-1634.194091796875,-1570.8743896484375,
21,21,TrialState.COMPLETE,-1592.5013427734375,2019-08-07 03:33:20.096466,2019-08-07 03:46:29.255752,256,0.2,0.004972613880453016,0.99,0.8,0.00030703278662754413,512,20,21,,-1545.203369140625,-1593.9697265625,-1566.1484375,-1538.942138671875,-1630.110107421875,-1579.6331787109375,-1586.1873779296875,-1577.9703369140625,-1563.0185546875,-1623.1162109375,-1568.697021484375,-1592.5013427734375,,,,,,,,
22,22,TrialState.PRUNED,-1374.9420166015625,2019-08-07 03:46:29.269835,2019-08-07 03:48:59.318889,32,0.1,0.0007042407162426875,0.999,1.0,0.25625763237199567,16,5,22,,-1430.449951171875,-1455.002685546875,-1374.9420166015625,,,,,,,,,,,,,,,,,
23,23,TrialState.PRUNED,-1470.341552734375,2019-08-07 03:47:55.821705,2019-08-07 03:51:40.610504,64,0.4,9.267985377369853e-06,0.99,0.9,0.016593996576192826,512,20,23,,-1563.279541015625,-1483.976318359375,-1470.341552734375,,,,,,,,,,,,,,,,,
24,24,TrialState.PRUNED,-1567.2760009765625,2019-08-07 03:48:59.505795,2019-08-07 03:52:17.762922,128,0.2,4.833208996930347e-06,0.999,0.8,0.0002753943473396786,512,10,24,,-1567.3095703125,-1565.5177001953125,-1567.2760009765625,,,,,,,,,,,,,,,,,
25,25,TrialState.COMPLETE,-1578.0736083984375,2019-08-07 03:51:40.794991,2019-08-07 04:05:36.611293,128,0.2,3.008338034851921e-06,0.99,0.8,2.8964727519363664e-05,2048,30,25,,-1549.001708984375,-1576.510986328125,-1631.705810546875,-1595.184326171875,-1553.2950439453125,-1578.0736083984375,,,,,,,,,,,,,,
26,26,TrialState.PRUNED,-1529.019287109375,2019-08-07 03:52:17.947821,2019-08-07 03:56:11.637857,64,0.1,9.746469643787671e-08,0.99,1.0,0.0001277360334229857,16,20,26,,-1520.696044921875,-1555.0028076171875,-1529.019287109375,,,,,,,,,,,,,,,,,
27,27,TrialState.PRUNED,-1424.5804443359375,2019-08-07 03:56:11.827417,2019-08-07 04:01:01.121848,128,0.1,5.030234264555871e-08,0.999,0.92,0.03307066421636088,512,30,27,,-1497.154541015625,-1416.121826171875,-1424.5804443359375,,,,,,,,,,,,,,,,,
28,28,TrialState.COMPLETE,-1578.667724609375,2019-08-07 04:01:01.311501,2019-08-07 04:20:34.076098,128,0.3,0.01193664839686921,0.999,0.95,5.587808619859331e-05,128,20,28,,-1590.677001953125,-1539.8675537109375,-1598.6739501953125,-1560.947021484375,-1557.4176025390625,-1586.729248046875,-1549.541259765625,-1556.275390625,-1627.4078369140625,-1643.251220703125,-1553.8740234375,-1579.81298828125,-1596.114990234375,-1550.3951416015625,-1589.1263427734375,-1566.03125,-1615.3521728515625,-1647.947021484375,-1578.667724609375,
29,29,TrialState.FAIL,,2019-08-07 04:05:36.627670,2019-08-07 04:07:23.362928,64,0.2,0.0044795326983911605,0.999,0.95,0.1737965482009738,2048,20,29,Setting status of trial#29 as TrialState.FAIL because of the following error: AssertionError(),,,,,,,,,,,,,,,,,,,,
30,30,TrialState.PRUNED,-1424.380615234375,2019-08-07 04:07:23.562454,2019-08-07 04:10:12.865015,256,0.3,1.4955425672127409e-05,0.95,0.98,0.030700388104416016,32,10,30,,-1426.650146484375,-1410.2003173828125,-1424.380615234375,,,,,,,,,,,,,,,,,
31,31,TrialState.PRUNED,-1407.08837890625,2019-08-07 04:10:13.135531,2019-08-07 04:18:47.380606,256,0.4,1.2078099118097927e-08,0.95,0.99,0.19011514361861373,2048,50,31,,-1422.9580078125,-1456.3502197265625,-1407.08837890625,,,,,,,,,,,,,,,,,
32,32,TrialState.COMPLETE,-1622.525146484375,2019-08-07 04:18:47.658209,2019-08-07 04:37:59.398295,64,0.1,2.400854927063972e-08,0.98,0.8,0.00402886792973921,256,30,32,,-1560.517822265625,-1548.9293212890625,-1603.751220703125,-1623.2176513671875,-1570.2520751953125,-1549.611083984375,-1571.643798828125,-1690.577392578125,-1581.0517578125,-1601.2479248046875,-1590.8951416015625,-1579.3760986328125,-1590.3773193359375,-1578.474853515625,-1600.019287109375,-1622.525146484375,,,,
33,33,TrialState.PRUNED,-1432.02880859375,2019-08-07 04:20:34.094360,2019-08-07 04:23:06.541125,256,0.3,0.04062919863309306,0.999,0.99,0.23597434442609364,64,1,33,,-1400.536376953125,-1433.3609619140625,-1432.02880859375,,,,,,,,,,,,,,,,,
34,34,TrialState.COMPLETE,-1638.49609375,2019-08-07 04:23:06.730090,2019-08-07 04:45:19.108493,64,0.1,2.2521141398482903e-08,0.9,0.8,0.0031632352283122,32,30,34,,-1518.747314453125,-1538.031494140625,-1578.4083251953125,-1629.6463623046875,-1581.3218994140625,-1589.4156494140625,-1649.280029296875,-1621.6802978515625,-1610.98583984375,-1625.7607421875,-1625.5628662109375,-1642.5670166015625,-1679.884765625,-1655.0306396484375,-1619.407958984375,-1683.6956787109375,-1663.771484375,-1665.364013671875,-1675.8453369140625,-1638.49609375
35,35,TrialState.COMPLETE,-1528.6873779296875,2019-08-07 04:37:59.419833,2019-08-07 04:54:03.364453,64,0.2,0.00013470069437128174,0.995,0.92,0.004766109491313372,128,5,35,,-1561.6060791015625,-1557.128173828125,-1626.72998046875,-1574.98876953125,-1589.0794677734375,-1590.381591796875,-1583.5267333984375,-1540.6558837890625,-1615.4727783203125,-1596.33447265625,-1549.68603515625,-1574.581787109375,-1564.071533203125,-1673.607421875,-1602.8277587890625,-1536.660888671875,-1544.301025390625,-1564.791015625,-1528.6873779296875,
36,36,TrialState.COMPLETE,-1564.69921875,2019-08-07 04:45:19.129892,2019-08-07 05:02:07.135624,64,0.1,2.0107174231432454e-07,0.995,0.99,0.00011200018624937378,512,30,36,,-1550.692626953125,-1584.910400390625,-1663.1904296875,-1616.2349853515625,-1571.408935546875,-1597.4117431640625,-1560.7686767578125,-1571.9066162109375,-1647.9342041015625,-1557.31689453125,-1635.9022216796875,-1564.69921875,,,,,,,,
37,37,TrialState.PRUNED,-1506.1239013671875,2019-08-07 04:54:03.386181,2019-08-07 04:56:49.772214,64,0.3,3.954294047631311e-08,0.99,1.0,0.025276879377051694,64,5,37,,-1510.142578125,-1493.36083984375,-1506.1239013671875,,,,,,,,,,,,,,,,,
38,38,TrialState.COMPLETE,-1556.580810546875,2019-08-07 04:56:49.991269,2019-08-07 05:21:15.121777,256,0.2,1.8081137253410953e-07,0.995,0.9,0.0007740325005042988,64,50,38,,-1591.744384765625,-1572.2071533203125,-1583.5181884765625,-1646.4287109375,-1570.922119140625,-1625.704345703125,-1592.440673828125,-1561.5849609375,-1581.9744873046875,-1608.8616943359375,-1549.5767822265625,-1560.071044921875,-1658.7425537109375,-1600.018798828125,-1635.7850341796875,-1592.2503662109375,-1669.102783203125,-1566.485595703125,-1556.580810546875,
39,39,TrialState.PRUNED,-1430.338623046875,2019-08-07 05:02:07.158205,2019-08-07 05:04:54.889628,64,0.2,0.0001775478541684561,0.9,0.92,0.02428890130256052,64,5,39,,-1544.3150634765625,-1446.8685302734375,-1430.338623046875,,,,,,,,,,,,,,,,,
40,40,TrialState.PRUNED,-1550.439208984375,2019-08-07 05:04:55.198396,2019-08-07 05:09:30.510998,32,0.1,1.3949447164128929e-08,0.9,0.95,0.00020730600560653597,1024,20,40,,-1566.2401123046875,-1538.5889892578125,-1550.439208984375,,,,,,,,,,,,,,,,,
41,41,TrialState.PRUNED,-1554.370849609375,2019-08-07 05:09:30.700986,2019-08-07 05:13:07.984357,32,0.1,4.344885695669454e-05,0.99,0.8,0.0004201601508483242,16,20,41,,-1486.7874755859375,-1514.1966552734375,-1554.370849609375,,,,,,,,,,,,,,,,,
42,42,TrialState.PRUNED,-1465.3602294921875,2019-08-07 05:13:08.175752,2019-08-07 05:17:52.512527,256,0.4,0.0005743229814346865,0.999,0.95,0.267108862608456,2048,1,42,,-1409.6988525390625,-1392.4583740234375,-1465.3602294921875,,,,,,,,,,,,,,,,,
43,43,TrialState.PRUNED,-1563.4351806640625,2019-08-07 05:17:52.702876,2019-08-07 05:22:05.882591,32,0.1,0.014523899055568576,0.95,0.92,0.0001403489514486931,256,30,43,,-1530.0716552734375,-1548.364013671875,-1563.4351806640625,,,,,,,,,,,,,,,,,
44,44,TrialState.PRUNED,-1447.1099853515625,2019-08-07 05:21:15.145494,2019-08-07 05:27:09.759572,32,0.2,1.1908584291901421e-07,0.99,0.99,0.03613425335660933,1024,50,44,,-1471.24755859375,-1423.44921875,-1447.1099853515625,,,,,,,,,,,,,,,,,
45,45,TrialState.PRUNED,-1417.2965087890625,2019-08-07 05:22:06.153114,2019-08-07 05:25:23.424962,32,0.2,0.0016965094806776332,0.999,0.92,0.10911924295737498,16,10,45,,-1417.9134521484375,-1357.502197265625,-1417.2965087890625,,,,,,,,,,,,,,,,,
46,46,TrialState.PRUNED,-1390.807861328125,2019-08-07 05:25:23.618671,2019-08-07 05:31:23.446719,32,0.3,1.7460287879394285e-05,0.95,0.92,0.03329440759811599,1024,50,46,,-1489.8040771484375,-1458.457763671875,-1390.807861328125,,,,,,,,,,,,,,,,,
47,47,TrialState.COMPLETE,-1558.4796142578125,2019-08-07 05:27:10.004283,2019-08-07 05:39:41.109364,256,0.1,0.0011338735819673377,0.999,0.99,4.208867825414236e-05,1024,10,47,,-1583.45263671875,-1586.6241455078125,-1604.7376708984375,-1634.853271484375,-1570.6494140625,-1557.847412109375,-1606.5201416015625,-1622.8046875,-1554.073486328125,-1629.118896484375,-1603.044189453125,-1558.4796142578125,,,,,,,,
48,48,TrialState.COMPLETE,-1563.8485107421875,2019-08-07 05:31:23.795123,2019-08-07 05:44:59.970838,256,0.4,0.0017570370501672756,0.9999,0.92,0.0001222510121705426,32,1,48,,-1593.8642578125,-1547.73681640625,-1550.611572265625,-1579.694580078125,-1610.90478515625,-1622.7540283203125,-1572.7945556640625,-1587.978515625,-1547.3157958984375,-1587.781005859375,-1577.6796875,-1643.821044921875,-1572.417724609375,-1552.2197265625,-1577.241943359375,-1553.7657470703125,-1554.293701171875,-1539.893798828125,-1563.8485107421875,
49,49,TrialState.PRUNED,-1569.47119140625,2019-08-07 05:39:41.139358,2019-08-07 05:42:05.429513,32,0.2,0.0005506087863424796,0.98,1.0,0.00027200395354781145,128,5,49,,-1552.2353515625,-1549.3717041015625,-1569.47119140625,,,,,,,,,,,,,,,,,
50,50,TrialState.PRUNED,-1379.360107421875,2019-08-07 05:42:05.615360,2019-08-07 05:46:14.443434,128,0.1,0.07767943184460975,0.9,0.9,0.14628186461919243,2048,1,50,,-1401.5347900390625,-1397.178955078125,-1379.360107421875,,,,,,,,,,,,,,,,,
51,51,TrialState.PRUNED,-1395.7537841796875,2019-08-07 05:44:59.998333,2019-08-07 05:48:14.161981,32,0.3,0.0001759252676707157,0.9999,0.8,0.08663847110785046,128,30,51,,-1390.9742431640625,-1388.8988037109375,-1395.7537841796875,,,,,,,,,,,,,,,,,
52,52,TrialState.COMPLETE,-1569.159423828125,2019-08-07 05:46:14.633996,2019-08-07 06:01:46.936300,32,0.1,0.0010207704803777647,0.999,1.0,0.0028929518644642094,64,5,52,,-1550.6226806640625,-1553.56005859375,-1628.45068359375,-1572.3984375,-1619.984130859375,-1568.2044677734375,-1623.7122802734375,-1620.48974609375,-1539.4913330078125,-1577.555419921875,-1660.272216796875,-1565.5318603515625,-1523.430908203125,-1583.290283203125,-1556.912353515625,-1610.2742919921875,-1559.64013671875,-1538.178466796875,-1569.159423828125,
53,53,TrialState.PRUNED,-1412.130615234375,2019-08-07 05:48:14.354850,2019-08-07 05:51:52.984565,128,0.4,0.00021141550916886664,0.995,0.9,0.17567816098702876,32,50,53,,-1397.1591796875,-1435.8731689453125,-1412.130615234375,,,,,,,,,,,,,,,,,
54,54,TrialState.PRUNED,-1388.4351806640625,2019-08-07 05:51:53.176597,2019-08-07 05:54:48.966065,256,0.2,0.0018835937759167898,0.99,1.0,0.8417078826978407,512,5,54,,-1452.00390625,-1361.2271728515625,-1388.4351806640625,,,,,,,,,,,,,,,,,
55,55,TrialState.COMPLETE,-1607.345458984375,2019-08-07 05:54:49.160341,2019-08-07 06:12:53.490943,32,0.1,1.2158856415428877e-06,0.9,1.0,0.0013839460503739724,128,20,55,,-1552.3912353515625,-1545.4681396484375,-1610.560302734375,-1654.979736328125,-1604.663330078125,-1579.0018310546875,-1582.187744140625,-1651.046142578125,-1582.4892578125,-1550.2803955078125,-1586.195068359375,-1650.119384765625,-1590.3284912109375,-1630.7513427734375,-1598.406005859375,-1581.2891845703125,-1555.024658203125,-1612.1549072265625,-1607.345458984375,
56,56,TrialState.COMPLETE,-1568.6392822265625,2019-08-07 06:01:46.966982,2019-08-07 06:18:21.561600,128,0.4,9.648844794413959e-05,0.995,0.99,0.0010730067769328996,32,10,56,,-1586.3355712890625,-1558.16015625,-1549.5062255859375,-1585.788818359375,-1569.561279296875,-1570.121337890625,-1599.1595458984375,-1569.398193359375,-1545.6744384765625,-1553.86279296875,-1575.332763671875,-1562.3905029296875,-1600.6807861328125,-1551.7816162109375,-1528.749755859375,-1550.968017578125,-1627.2838134765625,-1539.919189453125,-1568.6392822265625,
57,57,TrialState.PRUNED,-1534.578857421875,2019-08-07 06:12:53.522065,2019-08-07 06:15:59.007072,32,0.3,6.258818710676168e-06,0.99,0.98,0.0006256869332033044,1024,5,57,,-1551.4254150390625,-1578.947998046875,-1534.578857421875,,,,,,,,,,,,,,,,,
58,58,TrialState.PRUNED,-1527.874755859375,2019-08-07 06:15:59.201973,2019-08-07 06:20:44.280443,256,0.3,0.04678371515304711,0.99,0.9,0.000423205716934082,2048,10,58,,-1579.1314697265625,-1564.5303955078125,-1527.874755859375,,,,,,,,,,,,,,,,,
59,59,TrialState.PRUNED,-1403.054443359375,2019-08-07 06:18:21.592999,2019-08-07 06:20:51.409669,256,0.1,5.680140017481943e-07,0.995,0.92,0.25959719183473734,128,1,59,,-1410.990966796875,-1391.223388671875,-1403.054443359375,,,,,,,,,,,,,,,,,
60,60,TrialState.PRUNED,-1497.425048828125,2019-08-07 06:20:44.474311,2019-08-07 06:24:39.044749,32,0.1,0.010564725485551024,0.999,0.9,0.006121304118151216,128,30,60,,-1508.9677734375,-1436.1219482421875,-1497.425048828125,,,,,,,,,,,,,,,,,
61,61,TrialState.COMPLETE,-1556.8995361328125,2019-08-07 06:20:51.595247,2019-08-07 06:46:24.972040,32,0.2,1.2917856070485814e-06,0.98,0.99,1.891784235480046e-05,256,50,61,,-1555.107421875,-1586.0806884765625,-1590.8292236328125,-1548.871337890625,-1587.5146484375,-1641.4967041015625,-1571.586181640625,-1583.7738037109375,-1632.32275390625,-1591.9423828125,-1562.89453125,-1605.5015869140625,-1588.515869140625,-1604.7357177734375,-1587.337646484375,-1556.8995361328125,,,,
62,62,TrialState.PRUNED,-1392.0386962890625,2019-08-07 06:24:39.245012,2019-08-07 06:31:48.034312,64,0.4,9.652324769241093e-07,0.999,0.99,0.030069570729407295,2048,20,62,,-1537.293212890625,-1413.754150390625,-1392.0386962890625,,,,,,,,,,,,,,,,,
63,63,TrialState.PRUNED,-1567.105712890625,2019-08-07 06:31:48.312991,2019-08-07 06:34:42.564440,256,0.4,0.000756799248385741,0.99,0.99,1.924156455573086e-05,256,1,63,,-1538.92919921875,-1581.928466796875,-1567.105712890625,,,,,,,,,,,,,,,,,
64,64,TrialState.COMPLETE,-1627.4881591796875,2019-08-07 06:34:42.829988,2019-08-07 06:55:25.554317,256,0.2,0.0001297769150859259,0.9999,0.8,0.000739717153282996,128,30,64,,-1592.924072265625,-1564.1810302734375,-1573.540771484375,-1595.40478515625,-1603.848876953125,-1614.023681640625,-1585.5205078125,-1583.6553955078125,-1640.121337890625,-1583.40234375,-1632.6002197265625,-1552.5888671875,-1579.1976318359375,-1582.84375,-1619.98583984375,-1577.0072021484375,-1614.8692626953125,-1551.0679931640625,-1627.4881591796875,
65,65,TrialState.PRUNED,-1563.418701171875,2019-08-07 06:46:25.004934,2019-08-07 06:50:19.591600,256,0.3,2.0525139087697197e-08,0.9,0.92,0.0019919545214867325,1024,20,65,,-1573.8502197265625,-1547.75439453125,-1563.418701171875,,,,,,,,,,,,,,,,,
66,66,TrialState.COMPLETE,-1568.078369140625,2019-08-07 06:50:19.777417,2019-08-07 06:59:29.677999,256,0.4,0.00011035719208702894,0.9,0.98,0.0003420192085916292,2048,5,66,,-1554.718994140625,-1572.0057373046875,-1608.295166015625,-1553.50830078125,-1630.466796875,-1568.078369140625,,,,,,,,,,,,,,
67,67,TrialState.PRUNED,-1511.2191162109375,2019-08-07 06:55:25.589494,2019-08-07 06:58:33.212471,256,0.2,1.31543554944804e-07,0.98,0.9,0.0060554599478899445,32,20,67,,-1505.671630859375,-1521.3392333984375,-1511.2191162109375,,,,,,,,,,,,,,,,,
68,68,TrialState.COMPLETE,-1548.050537109375,2019-08-07 06:58:33.411487,2019-08-07 07:13:09.867049,256,0.1,1.0692943306539131e-07,0.995,1.0,0.00042503415645610363,64,5,68,,-1557.552734375,-1588.458251953125,-1548.613525390625,-1564.30029296875,-1584.1207275390625,-1561.148193359375,-1578.8594970703125,-1608.1768798828125,-1572.767578125,-1541.927001953125,-1578.7581787109375,-1638.4359130859375,-1616.062255859375,-1593.683837890625,-1569.658203125,-1533.95703125,-1626.4305419921875,-1592.25244140625,-1548.050537109375,
69,69,TrialState.PRUNED,-1569.577880859375,2019-08-07 06:59:29.716095,2019-08-07 07:02:29.549409,32,0.3,0.023649015000495138,0.98,0.9,2.892683058218275e-05,32,20,69,,-1576.7861328125,-1536.9500732421875,-1569.577880859375,,,,,,,,,,,,,,,,,
70,70,TrialState.PRUNED,-1580.7093505859375,2019-08-07 07:02:29.739440,2019-08-07 07:07:31.307245,128,0.3,9.64142355719148e-06,0.98,0.95,2.9329001801011224e-05,2048,10,70,,-1559.22021484375,-1558.4423828125,-1580.7093505859375,,,,,,,,,,,,,,,,,
71,71,TrialState.COMPLETE,-1586.4075927734375,2019-08-07 07:07:31.539626,2019-08-07 07:18:12.369582,128,0.1,0.0013175933067699672,0.9,0.92,1.3656673416552015e-05,1024,1,71,,-1628.5999755859375,-1586.5794677734375,-1553.169189453125,-1614.25146484375,-1590.140380859375,-1554.5677490234375,-1573.5098876953125,-1526.462158203125,-1556.288330078125,-1656.028076171875,-1556.1129150390625,-1586.4075927734375,,,,,,,,
72,72,TrialState.PRUNED,-1573.7498779296875,2019-08-07 07:13:09.907092,2019-08-07 07:16:09.359715,256,0.4,0.0001370531927748255,0.9999,1.0,0.0019529635436328463,512,5,72,,-1543.166259765625,-1576.666748046875,-1573.7498779296875,,,,,,,,,,,,,,,,,
73,73,TrialState.COMPLETE,-1441.46484375,2019-08-07 07:16:09.558384,2019-08-07 07:33:05.532533,64,0.3,0.005563778666223539,0.98,0.98,0.007564074719136701,128,10,73,,-1561.197998046875,-1528.0924072265625,-1631.094970703125,-1580.760986328125,-1563.6134033203125,-1504.791259765625,-1500.452392578125,-1547.312255859375,-1502.185546875,-1475.6173095703125,-1492.9195556640625,-1502.86962890625,-1491.6859130859375,-1521.9156494140625,-1463.3150634765625,-1521.3914794921875,-1487.537841796875,-1524.1356201171875,-1441.46484375,
74,74,TrialState.COMPLETE,-1455.667724609375,2019-08-07 07:18:12.406819,2019-08-07 07:34:10.439245,128,0.3,6.152332665223691e-06,0.99,1.0,0.013947365926504713,512,30,74,,-1625.783203125,-1543.2064208984375,-1479.9588623046875,-1563.878662109375,-1482.511962890625,-1514.986572265625,-1473.7532958984375,-1489.61572265625,-1520.5279541015625,-1512.7808837890625,-1445.7862548828125,-1455.667724609375,,,,,,,,
75,75,TrialState.PRUNED,-1399.4410400390625,2019-08-07 07:33:05.573683,2019-08-07 07:35:21.756970,64,0.3,1.7105366578849403e-08,0.95,0.95,0.17586991032487445,64,1,75,,-1395.228271484375,-1466.34423828125,-1399.4410400390625,,,,,,,,,,,,,,,,,
76,76,TrialState.COMPLETE,-1584.996826171875,2019-08-07 07:34:10.477778,2019-08-07 07:48:06.322369,64,0.2,1.9798225961973459e-07,0.9,0.99,1.2068200403467223e-05,64,1,76,,-1587.5614013671875,-1652.114013671875,-1545.2003173828125,-1548.61181640625,-1625.131591796875,-1581.90283203125,-1621.4930419921875,-1598.9378662109375,-1525.3848876953125,-1576.883056640625,-1594.108154296875,-1588.6353759765625,-1613.055419921875,-1588.3873291015625,-1607.909423828125,-1588.371337890625,-1547.27490234375,-1578.428466796875,-1584.996826171875,
77,77,TrialState.PRUNED,-1554.0869140625,2019-08-07 07:35:21.944467,2019-08-07 07:37:34.583487,32,0.4,4.407507898821775e-08,0.99,1.0,3.107348880560463e-05,64,1,77,,-1578.704345703125,-1536.0345458984375,-1554.0869140625,,,,,,,,,,,,,,,,,
78,78,TrialState.FAIL,,2019-08-07 07:37:34.777669,2019-08-07 07:39:06.384443,32,0.1,4.535171615999516e-05,0.995,0.95,0.15760312846337912,1024,50,78,Setting status of trial#78 as TrialState.FAIL because of the following error: AssertionError(),,,,,,,,,,,,,,,,,,,,
79,79,TrialState.COMPLETE,-1554.4599609375,2019-08-07 07:39:06.600608,2019-08-07 07:50:25.206793,64,0.4,5.920226956520813e-07,0.95,0.95,0.00012758645677339472,512,5,79,,-1601.572021484375,-1535.0301513671875,-1620.3411865234375,-1587.1517333984375,-1588.3226318359375,-1608.4344482421875,-1569.917724609375,-1555.7655029296875,-1560.635498046875,-1614.7200927734375,-1561.871826171875,-1554.4599609375,,,,,,,,
80,80,TrialState.COMPLETE,-1622.0341796875,2019-08-07 07:48:06.363675,2019-08-07 08:12:23.642309,64,0.2,4.171213087519297e-06,0.98,1.0,0.0001672080073401165,128,50,80,,-1568.051025390625,-1630.121337890625,-1563.571533203125,-1530.011962890625,-1603.237060546875,-1571.418212890625,-1537.56591796875,-1581.884765625,-1586.5760498046875,-1593.203857421875,-1608.8382568359375,-1546.872314453125,-1553.6802978515625,-1650.951171875,-1595.756591796875,-1563.6962890625,-1564.5191650390625,-1601.4581298828125,-1622.0341796875,
81,81,TrialState.PRUNED,-1378.466064453125,2019-08-07 07:50:25.249113,2019-08-07 07:54:14.276722,32,0.2,0.0003021127729551304,0.9999,0.92,0.10842119256455367,32,30,81,,-1400.772705078125,-1378.2052001953125,-1378.466064453125,,,,,,,,,,,,,,,,,
82,82,TrialState.PRUNED,-1581.711181640625,2019-08-07 07:54:14.474880,2019-08-07 07:58:24.800874,128,0.2,0.00043404224460925775,0.9999,0.95,0.0001610990948797007,128,50,82,,-1554.107177734375,-1557.800537109375,-1581.711181640625,,,,,,,,,,,,,,,,,
83,83,TrialState.PRUNED,-1580.4722900390625,2019-08-07 07:58:24.997287,2019-08-07 08:02:35.380905,128,0.4,9.881904484630431e-06,0.98,1.0,0.003078859654704399,128,50,83,,-1538.3218994140625,-1553.029052734375,-1580.4722900390625,,,,,,,,,,,,,,,,,
84,84,TrialState.PRUNED,-1385.2457275390625,2019-08-07 08:02:35.581070,2019-08-07 08:05:50.617473,128,0.3,3.4844064170301213e-06,0.98,0.95,0.6990612118305048,512,1,84,,-1378.7393798828125,-1395.226318359375,-1385.2457275390625,,,,,,,,,,,,,,,,,
85,85,TrialState.PRUNED,-1363.00244140625,2019-08-07 08:05:50.816178,2019-08-07 08:09:01.310170,64,0.2,6.318796927487174e-07,0.995,0.9,0.48576007797024806,16,10,85,,-1436.6827392578125,-1383.932861328125,-1363.00244140625,,,,,,,,,,,,,,,,,
86,86,TrialState.PRUNED,-1436.7769775390625,2019-08-07 08:09:01.631199,2019-08-07 08:11:50.733248,128,0.4,5.57109144861031e-07,0.999,0.9,0.9121289018687625,32,5,86,,-1405.9720458984375,-1422.7080078125,-1436.7769775390625,,,,,,,,,,,,,,,,,
87,87,TrialState.PRUNED,-1420.545166015625,2019-08-07 08:11:50.930686,2019-08-07 08:15:22.277034,64,0.4,2.561500900351186e-08,0.9999,0.9,0.028108736569220017,256,30,87,,-1437.2520751953125,-1451.6177978515625,-1420.545166015625,,,,,,,,,,,,,,,,,
88,88,TrialState.COMPLETE,-1665.5494384765625,2019-08-07 08:12:23.688581,2019-08-07 08:27:12.859847,128,0.1,1.8656666376026072e-06,0.99,0.92,0.0007434005958530917,64,5,88,,-1585.2412109375,-1585.6900634765625,-1586.0091552734375,-1639.138427734375,-1595.11962890625,-1599.02099609375,-1586.7724609375,-1683.9222412109375,-1591.9052734375,-1565.3463134765625,-1576.374267578125,-1575.30419921875,-1525.8980712890625,-1560.66845703125,-1643.558349609375,-1573.0257568359375,-1568.57080078125,-1607.301025390625,-1665.5494384765625,
89,89,TrialState.COMPLETE,-1594.131103515625,2019-08-07 08:15:22.470202,2019-08-07 08:23:29.745484,32,0.2,0.0074872762274033385,0.99,0.99,0.00033292164885344533,2048,1,89,,-1559.9638671875,-1561.9859619140625,-1593.3936767578125,-1568.60595703125,-1524.017578125,-1594.131103515625,,,,,,,,,,,,,,
90,90,TrialState.PRUNED,-1509.072509765625,2019-08-07 08:23:29.796507,2019-08-07 08:26:17.235545,128,0.2,0.011776760369661233,0.95,0.92,0.014790691838932672,128,20,90,,-1529.8221435546875,-1530.7613525390625,-1509.072509765625,,,,,,,,,,,,,,,,,
91,91,TrialState.FAIL,,2019-08-07 08:26:17.431762,2019-08-07 08:26:41.785079,32,0.3,0.091370400288189,0.95,0.92,0.691556763332138,64,30,91,Setting status of trial#91 as TrialState.FAIL because of the following error: AssertionError(),,,,,,,,,,,,,,,,,,,,
92,92,TrialState.PRUNED,-1542.2724609375,2019-08-07 08:26:42.004645,2019-08-07 08:30:08.574558,256,0.1,8.363818957989298e-06,0.9,0.9,5.7779466622354875e-05,256,30,92,,-1553.043212890625,-1548.273193359375,-1542.2724609375,,,,,,,,,,,,,,,,,
93,93,TrialState.FAIL,,2019-08-07 08:27:12.914530,2019-08-07 08:28:10.925901,64,0.3,0.059506266454311896,0.999,0.8,0.2998675155278725,256,30,93,Setting status of trial#93 as TrialState.FAIL because of the following error: AssertionError(),,,,,,,,,,,,,,,,,,,,
94,94,TrialState.COMPLETE,-1550.8900146484375,2019-08-07 08:28:11.258536,2019-08-07 08:40:39.624651,64,0.2,0.00011465336058655816,0.9,0.8,0.00011957600999736118,512,10,94,,-1565.459716796875,-1651.6392822265625,-1618.416259765625,-1551.262451171875,-1653.599365234375,-1554.397216796875,-1629.075927734375,-1557.2000732421875,-1590.2626953125,-1571.0191650390625,-1563.417724609375,-1550.8900146484375,,,,,,,,
95,95,TrialState.PRUNED,-1572.635009765625,2019-08-07 08:30:08.886146,2019-08-07 08:33:00.371088,128,0.1,0.01645530505859372,0.9999,0.95,1.3411790004660428e-05,256,10,95,,-1569.571533203125,-1552.1368408203125,-1572.635009765625,,,,,,,,,,,,,,,,,
96,96,TrialState.PRUNED,-1428.6990966796875,2019-08-07 08:33:00.572594,2019-08-07 08:35:23.465133,32,0.3,2.1604900002667303e-06,0.98,0.92,0.056620684408986134,16,1,96,,-1477.107177734375,-1394.120361328125,-1428.6990966796875,,,,,,,,,,,,,,,,,
97,97,TrialState.PRUNED,-1550.8201904296875,2019-08-07 08:35:23.660973,2019-08-07 08:38:37.014690,256,0.3,1.3272373312821063e-05,0.99,0.92,0.00018544392950008352,1024,10,97,,-1538.170166015625,-1572.496826171875,-1550.8201904296875,,,,,,,,,,,,,,,,,
98,98,TrialState.PRUNED,-1413.5621337890625,2019-08-07 08:38:37.213530,2019-08-07 08:41:25.044984,128,0.2,0.0002273479277221037,0.99,0.9,0.025268089454075895,256,10,98,,-1513.6580810546875,-1477.247802734375,-1413.5621337890625,,,,,,,,,,,,,,,,,
99,99,TrialState.PRUNED,-1416.4703369140625,2019-08-07 08:40:39.675720,2019-08-07 08:43:41.299664,32,0.3,0.014277209793622807,0.9999,0.92,0.02405539050163274,2048,5,99,,-1416.6270751953125,-1456.43310546875,-1416.4703369140625,,,,,,,,,,,,,,,,,
